球员名字,所属球队,场次,时间,投篮投中数,投篮出手数,投篮命中率,三分球投中数,三分球出手数,三分球命中率,罚篮投中数,罚篮出手数,罚篮命中率,篮板进攻,篮板防守,篮板总计,助攻,失误,抢断,盖帽,犯规,得分
萨博-塞弗洛萨,亚特兰大老鹰,44,25:50,3,6.6,45.7%,0.6,1.8,32.9%,1,1.3,77.2%,0.8,3.5,4.3,1.6,0.9,1.7,0.5,1.5,7.6
保罗-米尔萨普,亚特兰大老鹰,53,34:09,6.3,14.3,43.9%,1.2,3.7,32.7%,4.2,5.5,76.3%,1.7,6.2,7.9,3.8,2.2,1.5,1,2.7,17.9
肯特-巴泽摩尔,亚特兰大老鹰,54,27:26,4,10.1,39.8%,1.2,3.6,33.2%,1.6,2.3,71.5%,0.6,2.6,3.2,2.6,1.8,1.3,0.7,2.2,10.8
德怀特-霍华德,亚特兰大老鹰,51,29:29,5.3,8.2,64.4%,0,0,0%,3,5.4,55.3%,4.3,8.7,13,1.2,2.1,0.9,1.2,2.9,13.5
丹尼斯-施劳德,亚特兰大老鹰,56,30:51,6.7,14.7,45.8%,1.2,3.6,34.5%,2.8,3.4,83.2%,0.5,2.4,2.9,6.3,3.1,0.8,0.1,1.7,17.5
厄尔森-伊亚索瓦,亚特兰大老鹰,56,26:56,5.2,11.9,43.8%,2,5.5,35.5%,1.9,2.5,76.8%,1.3,4.6,5.9,1.8,1.5,0.6,0.3,2.5,14.3
蒂姆-哈达威二世,亚特兰大老鹰,54,25:03,4.8,10.8,44.6%,1.8,5.1,34.9%,1.7,2.3,72%,0.3,2.2,2.5,2.2,1.1,0.6,0.2,1.2,13.1
马尔科姆-迪兰尼,亚特兰大老鹰,56,17:41,2.2,5.7,39%,0.4,1.6,25.8%,1.1,1.3,81.1%,0.1,1.6,1.8,2.7,1.4,0.6,0,1.6,5.9
迈克-穆斯卡拉,亚特兰大老鹰,50,19:40,2.8,5.5,51.3%,0.7,1.7,42.4%,0.8,1.1,77.8%,1.2,2.5,3.7,1.3,0.9,0.5,0.6,1.6,7.2
迈克-邓利维,亚特兰大老鹰,41,16:03,1.8,4.2,42.4%,1,2.6,38.9%,0.6,0.7,76.7%,0.3,1.9,2.2,0.9,0.6,0.3,0.1,1.3,5.1
克里斯-亨弗里斯,亚特兰大老鹰,44,11:52,1.6,3.6,44.4%,0.3,0.9,36.6%,1.1,1.4,79%,1,2.4,3.4,0.5,0.5,0.2,0.4,1.3,4.7
马库斯-斯玛特,波士顿凯尔特人,54,31:04,3.5,9.3,37.5%,1.3,4.1,30.9%,2.1,2.8,77.3%,0.9,2.9,3.9,4.6,2.1,1.7,0.4,2.3,10.4
杰-克劳德,波士顿凯尔特人,47,32:26,4.7,10,46.9%,2.3,5.6,40.5%,2.2,2.5,86.6%,0.6,4.6,5.2,2.1,1,1.1,0.3,2.3,13.8
以赛亚-托马斯,波士顿凯尔特人,53,34:31,9.3,19.9,46.7%,3.2,8.4,38.7%,8.1,8.8,91.2%,0.5,2.1,2.7,6.3,2.6,0.8,0.1,2.2,29.9
艾尔-霍福德,波士顿凯尔特人,45,32:54,5.8,12.6,45.6%,1.5,4.3,35.1%,1.6,2,80.7%,1.3,5.3,6.6,4.9,1.7,0.7,1.5,2.2,14.6
凯利-奥利尼克,波士顿凯尔特人,50,21:32,3.6,7,51.7%,1.1,2.9,37.9%,1.2,1.6,70.7%,0.9,3.9,4.8,2,1.3,0.7,0.4,2.6,9.5
特里-罗齐尔,波士顿凯尔特人,52,18:06,2.1,5.6,37%,0.8,2.3,33.1%,0.8,1,76.5%,0.5,2.5,3.1,1.7,0.6,0.6,0.2,1,5.6
阿米尔-约翰逊,波士顿凯尔特人,56,19:42,2.7,4.6,57.3%,0.3,0.8,40.9%,0.8,1.2,66.7%,1.6,3,4.6,1.7,0.9,0.5,0.7,2.6,6.5
杰伦-布朗,波士顿凯尔特人,53,15:32,2.1,4.8,42.7%,0.4,1.3,30.4%,1.2,1.6,72.1%,0.5,2,2.6,0.6,0.7,0.4,0.2,1.7,5.7
乔纳斯-杰雷布科,波士顿凯尔特人,56,16:36,1.6,3.5,44.9%,0.6,1.8,34.7%,0.3,0.4,81%,0.8,2.6,3.4,0.9,0.6,0.4,0.3,1.7,4.1
朱-霍勒迪,新奥尔良鹈鹕,43,32:25,6.3,13.5,46.5%,1.5,4,37.9%,2,2.9,69%,0.8,3.2,4,7.4,3.2,1.6,0.6,2.4,16.1
德马库斯-考辛斯,新奥尔良鹈鹕,56,34:23,9.2,20.3,45.4%,1.7,4.9,35.3%,7.6,9.9,77.1%,2.1,8.6,10.7,4.8,3.7,1.4,1.4,3.7,27.8
安东尼-戴维斯,新奥尔良鹈鹕,54,36:17,10.1,20.2,50.1%,0.5,1.6,29.9%,7,8.8,80.2%,2.2,9.6,11.9,2.2,2.6,1.3,2.5,2.4,27.7
蒂姆-弗雷泽,新奥尔良鹈鹕,42,25:01,3,7.2,41.9%,0.7,2.1,33.3%,1.9,2.4,79.8%,0.5,2.3,2.9,5.7,1.9,0.9,0.1,2.3,8.6
所罗门-希尔,新奥尔良鹈鹕,56,28:26,2.2,5.5,39.4%,1.1,3.1,35.4%,1.2,1.5,80.7%,0.5,3.2,3.7,1.8,1,0.9,0.4,2.3,6.7
特伦斯-琼斯,新奥尔良鹈鹕,51,24:47,4.5,9.6,47.2%,0.4,1.5,25.3%,2,3.3,60.6%,1.3,4.7,5.9,1.2,0.9,0.8,1,1.3,11.5
伊托万-摩尔,新奥尔良鹈鹕,52,24:39,3.9,8.6,45.7%,1.1,2.9,38.4%,0.7,0.9,76.6%,0.5,1.7,2.2,2.2,0.9,0.7,0.5,1.9,9.7
丹特-康宁汉姆,新奥尔良鹈鹕,43,25:08,2.4,5.6,43.8%,1.1,2.9,39%,0.2,0.3,57.1%,0.8,3.3,4.2,0.7,0.5,0.5,0.5,1.7,6.2
吉米-巴特勒,芝加哥公牛,51,36:36,7.5,16.5,45.2%,1.2,3.4,33.7%,8.4,9.6,86.8%,1.7,4.6,6.3,5,2.1,1.8,0.3,1.7,24.5
德维恩-韦德,芝加哥公牛,48,30:22,7.2,16.6,43.4%,0.8,2.5,32.2%,3.9,4.9,79.7%,1.1,3.4,4.5,3.8,2.2,1.6,0.7,1.9,19.1
拉简-朗多,芝加哥公牛,48,26:15,2.8,7.5,37.2%,0.5,1.6,31.6%,0.4,0.7,54.5%,0.9,4.3,5.2,6.5,2.5,1.3,0.2,2,6.5
尼科拉-米罗蒂奇,芝加哥公牛,48,22:27,3.1,8.1,38.1%,1.5,4.9,29.9%,1.3,1.7,77.1%,0.7,4.4,5.1,0.9,1.1,0.7,0.8,1.8,9
杰里安-格兰特,芝加哥公牛,46,16:26,1.9,4.8,40.5%,0.7,2,34.8%,1.2,1.3,91.5%,0.2,1.3,1.5,1.6,0.8,0.7,0.1,1.6,5.7
安东尼-莫罗,芝加哥公牛,40,15:40,2.2,5.6,38.7%,0.9,3,29.4%,0.6,0.6,88.5%,0.3,0.4,0.7,0.5,0.2,0.6,0,1,5.8
克里斯蒂亚诺-费利西奥,芝加哥公牛,48,15:41,1.9,3.3,55.6%,0,0,0%,1.1,1.6,66.2%,2.1,2.8,4.9,0.6,0.5,0.4,0.3,1.7,4.8
杰弗瑞-洛文吉,芝加哥公牛,50,14:46,2.2,4.9,45.5%,0.5,1.6,34.6%,0.7,1.2,63.8%,1,2.6,3.7,1,0.8,0.4,0.1,1.4,5.7
鲍比-波蒂斯,芝加哥公牛,39,12:06,1.9,4,47.7%,0.3,0.9,36.1%,0.5,0.8,65.6%,1.1,2.3,3.4,0.5,0.6,0.2,0.2,1.2,4.7
罗宾-洛佩兹,芝加哥公牛,57,27:58,4.5,9.1,49.2%,0,0,0%,0.9,1.3,67.6%,3.4,3.5,6.9,0.9,1.1,0.2,1.6,1.9,9.8
勒布朗-詹姆斯,克里夫兰骑士,53,37:32,9.6,17.8,54%,1.7,4.5,38.6%,4.8,6.9,68.9%,1.2,6.6,7.8,8.9,4.3,1.4,0.6,1.7,25.7
凯瑞-厄文,克里夫兰骑士,50,35:05,9.1,19.5,46.4%,2.4,6.1,38.8%,3.9,4.3,90.3%,0.7,2.4,3.1,5.9,2.7,1.2,0.3,2.1,24.4
艾曼-舒伯特,克里夫兰骑士,52,25:22,2.7,6.3,41.9%,1.5,3.7,39.6%,1,1.3,77.3%,0.6,2.3,2.9,1.5,1,1,0.3,2,7.8
凯文-勒夫,克里夫兰骑士,46,31:52,6.3,14.8,42.9%,2.6,6.7,38.4%,4.7,5.4,87.6%,2.5,8.6,11.1,1.9,2.1,0.9,0.3,1.8,20
德安德烈-利金斯,克里夫兰骑士,46,14:04,1,2.6,39.8%,0.4,1,38.6%,0.5,0.7,67.7%,0.3,1.4,1.7,1,0.7,0.8,0.3,1.4,2.9
凯尔-科沃尔,克里夫兰骑士,52,27:05,3.7,7.8,47.1%,2.4,5.2,45.6%,0.6,0.7,88.6%,0.1,2.8,2.9,1.8,1.1,0.6,0.3,1.5,10.3
特里斯坦-汤普森,克里夫兰骑士,56,30:02,3.4,5.7,59.1%,0,0.1,0%,1.5,2.9,51.5%,3.8,6,9.8,0.9,0.8,0.6,1.2,2.4,8.2
钱宁-弗莱,克里夫兰骑士,49,18:42,3.2,7.4,43.4%,1.9,4.8,40.4%,0.9,1.1,84.9%,0.6,3.2,3.8,0.7,0.7,0.4,0.5,1.9,9.3
理查德-杰弗森,克里夫兰骑士,55,19:32,1.8,4.2,42.7%,0.7,2.3,29.8%,1,1.3,74.3%,0.4,2,2.4,0.9,0.6,0.3,0.1,1.9,5.3
赛斯-库里,达拉斯小牛,52,28:14,4.5,9.5,46.8%,1.8,4.3,41.6%,0.9,1.2,80%,0.4,2.2,2.6,2.7,1.2,1.2,0.1,1.9,11.7
韦斯利-马修斯,达拉斯小牛,53,35:21,5.2,12.8,40.7%,2.7,7.1,38.1%,2.2,2.7,81.3%,0.2,3.4,3.6,2.5,1.3,1.1,0.2,2.2,15.3
德怀特-鲍威尔,达拉斯小牛,56,18:18,2.6,4.9,54%,0.1,0.4,24%,1.4,1.8,76.7%,1.4,2.9,4.3,0.8,0.4,1,0.6,1.9,6.8
哈里森-巴恩斯,达拉斯小牛,56,35:50,8.1,17.1,47.4%,1,3,33.5%,2.8,3.4,84.1%,1.2,4,5.2,1.5,1.3,0.8,0.2,1.6,20.1
德扬-芬尼-史密斯,达拉斯小牛,55,20:47,1.5,3.9,39.4%,0.7,2.3,31.3%,0.7,0.9,76.6%,0.6,2,2.6,0.9,0.6,0.6,0.3,1.7,4.4
德隆-威廉姆斯,达拉斯小牛,40,29:16,4.9,11.3,43%,1.6,4.5,34.8%,1.7,2.1,82.1%,0.3,2.2,2.6,6.8,2.4,0.6,0,2.4,13
德文-哈里斯,达拉斯小牛,39,16:43,1.8,5,35.9%,0.8,2.6,32%,1.6,1.9,86.5%,0.2,1.8,2,1.7,0.7,0.6,0.1,1.5,6.1
萨拉赫-梅杰里,达拉斯小牛,50,13:20,1.2,1.7,67.8%,0,0,0%,0.4,0.7,64.7%,1.4,3.2,4.6,0.2,0.6,0.5,1,2.2,2.8
梅森-普拉姆利,丹佛掘金,56,28:04,4.3,8.1,53.4%,0,0.1,0%,2.4,4.2,56.5%,2.2,5.8,7.9,3.9,1.6,0.9,1.1,2.8,11
伊曼纽尔-穆迪埃,丹佛掘金,44,28:06,4.1,11,36.9%,1.1,3.6,30.8%,2.5,3.2,77.5%,0.6,2.9,3.5,4.2,2.5,0.8,0.2,1.9,11.8
威尔-巴顿,丹佛掘金,43,29:10,5,11.2,44.7%,1.4,3.7,38.1%,2.5,3.3,75.9%,1.1,3.5,4.7,3.4,1.7,0.8,0.5,1.9,13.9
威尔森-钱德勒,丹佛掘金,51,30:50,6.1,13.4,45.5%,1.5,4.4,34.1%,2,2.7,72.9%,1.5,5.2,6.7,2,1.7,0.8,0.4,2.4,15.7
尼古拉-约基奇,丹佛掘金,50,26:53,6.5,11.2,57.7%,0.6,1.7,35.6%,2.5,3,81.6%,3.1,5.9,9,4.3,2.1,0.8,0.8,3.1,16
科内斯-法瑞德,丹佛掘金,48,22:07,3.7,6.6,55.7%,0,0.1,0%,2.4,3.5,68.9%,3.1,4.7,7.9,0.9,1,0.7,0.8,2.1,9.7
贾马尔-尼尔森,丹佛掘金,57,26:21,3.6,8.2,44.3%,1.4,3.5,38.6%,0.6,0.8,73.3%,0.4,2.1,2.5,5,1.8,0.7,0.1,2.7,9.2
达尼罗-加里纳利,丹佛掘金,45,34:05,5,11.6,43.5%,1.8,4.7,37.6%,5.4,6,88.9%,0.6,4.4,5,2.3,1.4,0.6,0.2,1.5,17.2
贾马尔-穆雷,丹佛掘金,57,19:53,3.1,8,38.8%,1.3,3.9,32.6%,1.2,1.4,87.7%,0.6,1.9,2.5,1.8,1.3,0.5,0.3,1.4,8.7
胡安-埃尔南戈麦斯,丹佛掘金,41,12:32,1.4,3.2,44.6%,0.6,1.5,41.3%,0.8,1.1,70.2%,0.8,2.1,2.8,0.5,0.3,0.4,0.3,1,4.3
罗伊-希伯特,丹佛掘金,42,15:59,1.9,3.4,54.2%,0,0,0%,1.5,1.8,81.3%,1.3,2.3,3.6,0.5,0.7,0.2,1,2.3,5.2
安德烈-德拉蒙德,底特律活塞,57,30:22,6.3,12,52.9%,0,0.1,33.3%,1.9,4.3,43.9%,4.1,9.7,13.8,1,2.1,1.7,1.2,2.9,14.6
肯塔维厄斯-考德威尔-波普,底特律活塞,53,33:59,5.2,12.5,41.1%,2.2,5.8,37.7%,2.1,2.5,83.8%,0.8,2.7,3.5,2.8,1.2,1.3,0.2,1.7,14.5
马库斯-莫里斯,底特律活塞,57,33:05,5.4,12.8,42.3%,1.6,4.6,34%,1.8,2.2,80.2%,0.9,3.8,4.7,2.1,1.1,0.8,0.3,2,14.2
伊斯梅尔-史密斯,底特律活塞,57,23:41,3.6,8.2,43.8%,0.3,1.2,24.6%,0.8,1.2,68.1%,0.2,2.5,2.8,5,1.4,0.7,0.4,1.6,8.4
斯坦利-约翰逊,底特律活塞,54,16:42,1.6,4.1,39.5%,0.5,1.6,30.3%,0.5,0.7,65%,0.4,1.8,2.3,1.3,0.9,0.7,0.4,1.6,4.2
托拜厄斯-哈里斯,底特律活塞,58,31:43,6.4,13.1,48.8%,1.3,3.8,34.5%,2.3,2.6,89.3%,0.6,4.6,5.1,1.6,1.3,0.7,0.5,1.6,16.4
琼-洛伊尔,底特律活塞,52,27:18,4.5,8.8,50.8%,0.8,2.4,31.7%,1.5,1.6,90.6%,1.4,4.4,5.7,1.7,0.9,0.4,0.4,2.1,11.2
阿隆-贝恩斯,底特律活塞,55,15:16,1.7,3.5,48.2%,0,0,0%,1.1,1.3,87.1%,1.2,2.7,3.9,0.3,0.7,0.3,0.4,2.2,4.5
德拉蒙德-格林,金州勇士,54,32:42,3.6,8.3,43.4%,1.1,3.4,32.2%,1.8,2.7,67.8%,1.3,6.8,8.1,7.2,2.4,2.1,1.5,3,10.1
斯蒂芬-库里,金州勇士,56,33:23,8.3,17.7,47.1%,4,9.8,41.3%,4.2,4.6,91.5%,0.6,3.7,4.3,6.4,2.9,1.7,0.2,2.2,24.9
凯文-杜兰特,金州勇士,57,34:07,9.1,16.9,53.9%,1.9,5.1,38%,5.5,6.3,87.5%,0.6,7.8,8.4,4.9,2.3,1.1,1.7,1.9,25.7
扎扎-帕楚里亚,金州勇士,45,18:45,2.2,4.1,53.5%,0,0,0%,1.5,2,77.3%,2.1,3.9,6,2,1.3,1,0.5,2.4,5.9
安德烈-伊戈达拉,金州勇士,55,25:39,2.5,5,49.3%,0.8,2.3,35.5%,0.8,1.1,71.2%,0.7,3.2,3.9,3.4,0.7,0.9,0.4,1.2,6.5
克莱-汤普森,金州勇士,55,34:05,8.2,17.2,47.5%,3.3,7.9,42.2%,2.3,2.8,84.3%,0.7,3.1,3.7,2.1,1.8,0.8,0.5,1.9,22
大卫-韦斯特,金州勇士,43,11:30,1.7,3.2,54.3%,0,0.1,50%,0.6,0.8,74.3%,0.6,2.1,2.7,2.1,1,0.7,0.5,1.4,4.1
伊恩-克拉克,金州勇士,52,14:08,2.5,5.2,47.6%,0.8,2.2,39.3%,0.6,0.8,75%,0.2,1.2,1.4,1.2,0.6,0.5,0.1,1,6.4
肖恩-利文斯顿,金州勇士,52,17:20,2.4,4.2,56.6%,0,0,0%,0.5,0.8,60%,0.4,1.6,1.9,1.7,0.8,0.5,0.2,1.6,5.2
帕特里克-麦考,金州勇士,47,12:23,1.2,3,41.4%,0.6,1.7,35%,0.2,0.4,61.1%,0.2,0.8,1,0.9,0.5,0.3,0.2,0.9,3.3
凯文-卢尼,金州勇士,43,09:19,1.2,2.1,57.3%,0,0.2,25%,0.5,0.7,65.6%,0.8,1.7,2.6,0.6,0.3,0.3,0.4,1.4,2.9
贾维尔-麦基,金州勇士,52,09:35,2.7,4.1,67.3%,0,0.1,0%,0.7,1.3,48.6%,1.1,1.9,3,0.2,0.6,0.2,0.7,1.5,6.1
特雷沃-阿里扎,休斯敦火箭,59,34:30,4.1,10.1,40.7%,2.5,7.1,35.5%,0.9,1.3,71.8%,0.7,4.9,5.6,2.2,0.9,1.9,0.3,1.6,11.7
帕特里克-贝弗利,休斯敦火箭,45,30:30,3.5,8.1,43.6%,1.6,4.2,38.6%,0.8,1,81.4%,1.3,4.4,5.8,4.4,1.5,1.5,0.4,3.2,9.5
詹姆斯-哈登,休斯敦火箭,59,36:30,8.2,18.7,43.9%,3.2,9,35.1%,9.3,10.9,85.4%,1.2,7,8.2,11.3,5.8,1.5,0.5,2.7,28.9
洛-威廉姆斯,休斯敦火箭,59,24:12,5.7,12.7,44.7%,2.2,5.6,39.3%,5.2,5.9,88.4%,0.3,2,2.3,3.1,2.1,1.1,0.2,1.2,18.7
内内-希拉里奥,休斯敦火箭,49,17:08,3.2,5.2,60.7%,0.1,0.1,42.9%,1.7,2.9,58.5%,1.2,2.6,3.9,0.9,1.2,0.8,0.6,2.5,8.1
埃里克-戈登,休斯敦火箭,53,30:29,5.9,14.2,41.5%,3.5,9.3,38.2%,1.9,2.3,84.4%,0.3,2.3,2.6,2.7,1.7,0.6,0.5,2,17.3
萨姆-德克尔,休斯敦火箭,59,19:42,3,6.2,47.8%,0.9,2.7,32.9%,0.6,0.9,58.9%,1.4,2.5,3.9,1.1,0.6,0.6,0.3,1.2,7.4
莱恩-安德森,休斯敦火箭,56,30:42,4.6,10.8,42.2%,2.8,6.8,40.7%,1.9,2.3,85.2%,1.7,3.4,5,0.9,0.9,0.5,0.2,2.1,13.9
克林特-卡佩拉,休斯敦火箭,44,23:09,5.4,8.2,65%,0,0,0%,1.3,2.6,50%,2.3,5.1,7.5,0.9,1.2,0.5,1.4,2.7,12
蒙特雷兹-哈雷尔,休斯敦火箭,47,18:58,4,6.2,64.7%,0,0.1,33.3%,1.3,2.1,63.6%,1.5,2.3,3.8,1.2,0.9,0.4,0.7,2.1,9.4
赛迪斯-杨,印第安纳步行者,49,31:05,4.9,9.5,52.2%,0.9,2.3,39.6%,0.7,1.3,57.1%,1.5,4.6,6.1,1.7,1.5,1.8,0.5,1.9,11.5
保罗-乔治,印第安纳步行者,50,35:42,7.8,17.5,44.6%,2.3,6,38.2%,4.4,4.9,91.4%,0.9,5.3,6.2,3.3,2.9,1.5,0.3,2.6,22.3
杰夫-蒂格,印第安纳步行者,57,32:34,5,11.1,44.9%,1,2.8,35.2%,4.4,5.2,85.2%,0.4,3.7,4.2,8.1,2.8,1.4,0.5,2.1,15.4
蒙塔-艾利斯,印第安纳步行者,49,27:09,3.1,7,44.2%,0.5,1.6,30.4%,1.5,1.9,78.7%,0.2,2.6,2.8,3.4,1.8,0.9,0.4,2,8.2
迈尔斯-特纳,印第安纳步行者,56,30:55,5.8,11.2,51.8%,0.6,1.7,36.6%,3.4,4.3,79.7%,1.6,5.6,7.2,1.1,1.4,0.8,2.1,3.3,15.6
CJ-迈尔斯,印第安纳步行者,51,23:04,3.7,8.5,43.4%,2.2,5.2,41.7%,1.1,1.3,87.5%,0.3,2.6,2.9,0.6,0.5,0.6,0.4,2.1,10.6
格伦-罗宾逊三世,印第安纳步行者,55,21:55,2.3,5.1,46.1%,0.7,1.8,38.4%,0.8,1.1,72.1%,0.9,2.8,3.7,0.7,0.6,0.5,0.3,0.9,6.2
阿隆-布鲁克斯,印第安纳步行者,46,14:20,2,4.9,40.7%,0.7,2.2,33.7%,0.5,0.6,79.3%,0.3,0.8,1.1,2.2,1.1,0.5,0.2,1.4,5.2
拉沃伊-阿伦,印第安纳步行者,42,13:59,1.1,2.5,43.9%,0,0,0%,0.3,0.5,65%,1.2,1.6,2.8,0.9,0.4,0.3,0.3,1.2,2.5
艾尔-杰弗森,印第安纳步行者,57,14:35,3.7,7.4,50.6%,0,0,0%,1.1,1.4,77.2%,1.2,3.1,4.3,0.9,0.5,0.3,0.3,1.9,8.5
卢克-理查德-巴莫特,洛杉矶快船,55,22:21,2.3,4.8,48.3%,0.6,1.5,38.3%,0.8,1.2,71.9%,0.7,1.7,2.3,0.4,0.6,1,0.5,1.7,6
雷蒙-菲尔顿,洛杉矶快船,55,22:51,3.2,7.3,44.1%,0.8,2.1,37.3%,0.7,0.8,80%,0.5,2.5,3,2.7,1.1,0.9,0.3,1.9,7.9
奥斯汀-里弗斯,洛杉矶快船,55,28:27,4.5,10.1,44.1%,1.6,4,40.1%,1.7,2.5,68.8%,0.3,1.8,2.1,3,1.6,0.8,0.2,2.4,12.3
贾马尔-克劳福德,洛杉矶快船,57,26:59,4.5,11.2,40.4%,1.4,4.1,34.6%,2.1,2.5,83.6%,0.2,1.5,1.7,2.9,1.8,0.7,0.2,1.4,12.5
JJ-雷迪克,洛杉矶快船,54,28:17,5.2,11.8,43.8%,2.6,6.2,42%,2.1,2.4,88.5%,0.2,2,2.2,1.3,1.3,0.7,0.1,1.6,15.1
德安德鲁-乔丹,洛杉矶快船,57,31:15,4.8,6.9,68.9%,0,0,0%,2.6,5.1,50.5%,3.5,10.2,13.7,1.2,1.5,0.6,1.7,2.6,12.1
韦斯利-约翰逊,洛杉矶快船,50,13:01,1.2,3.3,37.8%,0.5,1.9,27.7%,0.2,0.3,64.7%,0.5,2.7,3.2,0.4,0.3,0.5,0.5,1.4,3.2
马利斯-斯佩茨,洛杉矶快船,57,16:26,3.3,7.3,44.8%,1.4,3.6,39.2%,1.9,2.2,88%,1.1,3.5,4.7,0.9,0.8,0.3,0.5,2.9,9.9
乔丹-克拉克森,洛杉矶湖人,58,27:22,5.5,12.1,45.2%,1.2,3.7,33.2%,1.5,1.9,78.2%,0.7,2.2,2.9,2.1,1.9,1.2,0.1,1.9,13.7
丹吉洛-拉塞尔,洛杉矶湖人,42,26:28,5,12.7,39.2%,2,5.6,34.9%,2.3,2.9,77.2%,0.5,3.2,3.8,4.7,2.6,1.2,0.3,1.9,14.2
罗尔-邓,洛杉矶湖人,54,26:57,3,7.7,38.9%,0.9,3,31.3%,0.9,1.2,73%,1.1,4.2,5.4,1.3,0.8,0.9,0.4,1.1,7.8
朱利叶斯-兰德尔,洛杉矶湖人,50,28:14,5,10.3,48.7%,0.1,0.5,25%,2.7,3.8,71.6%,1.8,6.2,8.1,3.6,2.5,0.7,0.4,3.4,12.9
科里-布鲁尔,洛杉矶湖人,58,15:55,1.6,3.9,41.4%,0.4,1.6,23.4%,0.6,0.8,72.7%,0.4,1.6,2,1.1,0.6,0.7,0.2,1.8,4.2
尼克-杨,洛杉矶湖人,51,26:29,4.7,10.7,44.1%,2.9,7,41.3%,1.4,1.7,84.9%,0.5,1.9,2.4,1.1,0.6,0.6,0.3,2.4,13.8
布兰登-英格拉姆,洛杉矶湖人,58,27:39,2.8,7.7,36.3%,0.7,2.3,30.4%,1.7,2.6,65.5%,0.7,3.3,4.1,1.9,1.3,0.4,0.4,1.9,8
塔里克-布莱克,洛杉矶湖人,46,16:17,2.3,4.5,51.2%,0,0,50%,1.3,1.8,71.8%,2.3,3.2,5.4,0.7,0.9,0.4,0.5,2.8,6
蒂莫菲-莫兹戈夫,洛杉矶湖人,53,20:32,3.1,6.1,51.1%,0,0,0%,1.2,1.4,80.3%,1.9,3,4.9,0.8,1.3,0.3,0.6,2.4,7.4
泰勒-约翰逊 ,迈阿密热火,49,30:44,4.9,11.6,42.5%,1.2,3.5,34.9%,2.7,3.6,76.1%,0.7,3.6,4.3,3.2,1.1,1.2,0.7,2.5,13.8
戈兰-德拉季奇,迈阿密热火,49,34:16,7.4,15.2,48.5%,1.6,3.8,42.6%,3.9,5,78.5%,0.8,3.1,3.9,6.2,3.1,1,0.2,2.8,20.3
詹姆斯-约翰逊,迈阿密热火,52,26:33,4.6,9.4,48.7%,1.2,3.3,35.1%,1.9,2.7,71%,0.9,4.1,4.9,3.3,2.2,0.9,1.1,2.6,12.2
哈桑-怀特塞德,迈阿密热火,52,32:54,7.1,12.7,56.1%,0,0,0%,2.6,4.5,56.8%,3.6,10.5,14.1,0.7,2.1,0.8,2.1,3.1,16.8
罗德尼-麦克格兰德,迈阿密热火,53,26:13,2.4,5.9,39.7%,0.9,2.8,33.6%,0.6,1,65.4%,1.4,2.1,3.5,1.5,0.7,0.7,0.2,1.9,6.3
卢克-巴比特,迈阿密热火,48,15:39,1.6,4.1,38.1%,1.1,2.9,38.7%,0.2,0.3,73.3%,0.2,1.8,2,0.5,0.4,0.3,0.2,1.7,4.5
威利-里德,迈阿密热火,48,14:37,2.2,4,56.3%,0,0.1,33.3%,0.7,1.2,56.7%,1.8,3,4.8,0.4,0.4,0.2,0.7,1.7,5.2
吉亚尼斯-阿德托昆博,密尔沃基雄鹿,54,35:26,8.4,16.1,52.4%,0.7,2.6,27.5%,5.8,7.3,79.2%,1.9,6.8,8.6,5.5,3,1.8,2,3.3,23.4
格雷格-门罗,密尔沃基雄鹿,54,21:48,4.6,8.6,54%,0,0,0%,2.3,3.1,72.6%,2,4.8,6.8,2.1,1.6,1.3,0.5,1.9,11.6
马尔科姆-布罗格顿,密尔沃基雄鹿,55,25:33,3.5,8,43.8%,1,2.3,41.7%,1.5,1.7,85.1%,0.6,2.1,2.7,4.2,1.6,1.2,0.1,1.8,9.4
贾巴里-帕克,密尔沃基雄鹿,51,33:52,7.8,16,49%,1.3,3.5,36.5%,3.2,4.3,74.3%,1.5,4.6,6.2,2.8,1.8,1,0.4,2.2,20.1
马修-德拉维多瓦,密尔沃基雄鹿,50,26:30,2.7,6.9,39.4%,1,2.7,36.6%,1.1,1.4,80.3%,0.3,1.7,2,5.2,1.8,0.8,0,2,7.6
贾森-特里,密尔沃基雄鹿,47,17:06,1.2,3,40.7%,0.9,2.2,41.2%,0.3,0.3,81.3%,0.2,0.9,1.1,1.4,0.4,0.6,0.3,1.3,3.6
约翰-亨森,密尔沃基雄鹿,46,20:12,2.7,5.3,51.2%,0,0,0%,1.5,2.2,70.7%,1.4,3.8,5.2,1.1,1,0.5,1.3,2.6,7
托尼-斯内尔,密尔沃基雄鹿,54,28:32,3,6.5,45.8%,1.8,4.4,40.1%,0.5,0.7,75.7%,0.3,3,3.3,1.2,0.6,0.5,0.2,1.6,8.2
迈克尔-比斯利,密尔沃基雄鹿,47,16:50,3.7,7,53.2%,0.3,0.8,43.2%,1.4,2,71%,0.7,2.8,3.6,1,1.2,0.5,0.5,1.6,9.2
米尔扎-特雷托维奇,密尔沃基雄鹿,46,16:19,2.3,6.2,38.2%,1.6,4.6,34.8%,0.6,0.8,77.8%,0.2,2.2,2.4,0.7,0.7,0.2,0.2,1.6,6.9
里基-卢比奥,明尼苏达森林狼,51,32:05,2.7,7,38.6%,0.7,2.5,28.1%,2.8,3.2,87.2%,0.9,2.9,3.8,8.4,2.4,1.8,0.1,2.5,8.9
戈尔吉-迪昂,明尼苏达森林狼,57,32:00,4.3,8.4,51.4%,0.2,0.5,37.9%,1.4,1.8,78.1%,2.3,5.6,7.9,1.9,1.3,1,1.1,3.2,10.2
安德鲁-威金斯,明尼苏达森林狼,57,37:11,8.6,18.5,46.3%,1.3,3.6,35.5%,4.8,6.3,75.3%,1.2,2.9,4.1,2.5,2.3,0.9,0.4,2.1,23.2
克里斯-邓恩,明尼苏达森林狼,53,16:38,1.4,3.8,36.3%,0.2,0.9,26.5%,0.5,0.9,58%,0.3,1.9,2.2,2.5,1.3,0.9,0.5,2.1,3.6
扎克-拉文,明尼苏达森林狼,47,37:12,6.9,15.1,45.9%,2.6,6.6,38.7%,2.5,3,83.6%,0.4,3,3.4,3,1.8,0.9,0.2,2.2,18.9
卡尔-安东尼-唐斯,明尼苏达森林狼,57,36:28,9.1,17.6,51.6%,1.1,3.4,33.9%,4.4,5.3,82.8%,3.5,8.4,11.8,2.9,2.6,0.7,1.4,3.1,23.7
内曼加-别利卡,明尼苏达森林狼,55,17:13,2.1,5.1,42.1%,0.8,2.7,31.1%,0.7,0.9,74%,0.7,2.6,3.3,1.1,0.9,0.6,0.2,2.3,5.8
科尔-阿尔德里奇,明尼苏达森林狼,51,09:15,0.8,1.5,52.7%,0,0,0%,0.3,0.4,66.7%,0.9,1.9,2.8,0.5,0.3,0.5,0.4,1.6,1.8
沙巴兹-穆罕默德,明尼苏达森林狼,53,19:37,3.4,7.2,47.1%,0.8,1.9,41.4%,1.8,2.3,78.7%,1,1.9,2.9,0.5,0.7,0.3,0.1,1.2,9.4
特雷沃-布克,布鲁克林篮网,51,26:10,4.4,8.3,52.8%,0.3,1.1,26.8%,1.2,1.8,66.7%,2.1,6.4,8.5,2.2,1.9,1.3,0.4,2.2,10.2
朗戴-霍林斯-杰弗森,布鲁克林篮网,52,21:48,2.6,6.2,42.1%,0.2,0.9,21.3%,2.5,3.2,76.2%,0.8,4.3,5.1,2.1,1.5,1,0.5,2.3,7.8
肖恩－基尔帕特里克,布鲁克林篮网,55,25:59,4.5,10.9,41.7%,1.6,4.5,35.1%,2.8,3.4,83.8%,0.3,3.7,4,2.3,2.2,0.7,0.1,1.9,13.5
乔-哈里斯,布鲁克林篮网,48,22:01,3,7,43.2%,1.6,4.2,38.7%,0.7,1,72.3%,0.3,2.6,2.9,1.1,1,0.6,0.1,2.4,8.4
伊塞亚-怀特赫德,布鲁克林篮网,48,21:49,2.7,6.9,38.7%,0.6,1.9,31.5%,1.1,1.3,82.5%,0.3,2.1,2.4,2.9,2,0.6,0.5,2.5,7
布鲁克-洛佩兹,布鲁克林篮网,51,29:35,7.4,15.7,47%,1.8,5.1,34.4%,4.3,5.1,83.5%,1.6,3.6,5.2,2.5,2.4,0.5,1.8,2.6,20.8
贾斯汀-汉密尔顿,布鲁克林篮网,48,19:33,2.7,6.1,45%,0.9,3.1,30.6%,0.5,0.7,71.9%,1.2,3.2,4.5,0.8,0.7,0.5,0.8,1.4,6.9
兰迪-弗耶,布鲁克林篮网,43,18:54,1.8,5,36.7%,1,3,33.8%,0.7,0.9,81.1%,0.2,2.3,2.4,2.1,1.4,0.4,0.2,1.4,5.4
路易斯-斯科拉,布鲁克林篮网,36,12:48,2,4.2,47%,0.5,1.4,34%,0.7,1,67.6%,1.4,2.4,3.9,1,0.9,0.4,0.1,1.8,5.1
布兰登-詹宁斯,纽约尼克斯,57,24:50,2.9,7.5,38.3%,1.2,3.5,34%,1.8,2.3,75.8%,0.4,2.3,2.6,5,1.8,1,0.1,1.5,8.7
考特尼-李,纽约尼克斯,53,31:26,4.1,8.8,46.5%,1.5,3.6,42.3%,0.8,1,84.6%,0.7,2.5,3.3,2.1,0.8,0.9,0.3,1.8,10.5
贾斯汀-霍勒迪,纽约尼克斯,58,19:30,2.6,6.2,41.5%,1.2,3.3,35.8%,1,1.2,81.2%,0.3,2.5,2.8,1.1,0.8,0.8,0.4,1.5,7.3
卡梅隆-安东尼,纽约尼克斯,57,34:08,8.5,19.2,44.1%,2.2,5.8,37.5%,4.2,5.1,82.4%,0.9,5.2,6,3,2.1,0.8,0.5,2.7,23.3
克里斯塔普斯-波尔津吉斯,纽约尼克斯,50,32:42,6.6,14.8,44.7%,1.9,4.9,37.8%,3,3.8,78.4%,1.7,5.4,7.1,1.3,1.8,0.7,2,3.8,18.1
德里克-罗斯,纽约尼克斯,49,32:10,7.2,15.5,46.2%,0.3,1.1,24.1%,3,3.5,86.5%,1.1,2.8,3.9,4.5,2.4,0.7,0.3,1.4,17.6
乔吉姆-诺阿,纽约尼克斯,46,22:03,2.2,4.4,49%,0,0,0%,0.7,1.7,43.6%,3.5,5.2,8.7,2.2,1.3,0.7,0.8,2.8,5
明达格斯-库兹明斯卡斯,纽约尼克斯,48,14:26,2.2,5.2,42%,0.8,2.5,31.7%,0.7,0.9,79.1%,0.7,1.2,1.9,1,0.8,0.5,0.2,1.2,5.9
吉列尔莫-埃尔南戈麦斯,纽约尼克斯,50,15:55,2.8,5.1,53.9%,0.1,0.2,25%,1.1,1.5,73%,2,4,6,1.1,1.2,0.4,0.6,1.7,6.7
凯尔-奥奎因,纽约尼克斯,56,15:20,2.8,5.3,53%,0,0.2,11.1%,0.7,0.9,73.6%,2.1,3.6,5.6,1.2,1,0.4,1.3,2.1,6.4
阿尔弗雷德-佩顿,奥兰多魔术,59,29:01,5.1,11.2,45.8%,0.6,2.2,26.6%,1.6,2.4,65.2%,0.8,3,3.8,5.6,2.1,1.1,0.5,2.2,12.4
特伦斯-罗斯,奥兰多魔术,55,22:32,3.9,9,43.3%,1.8,4.8,37.1%,0.8,1,83%,0.3,2.3,2.6,0.8,0.6,1,0.4,1.5,10.4
伊万-福尼尔,奥兰多魔术,46,33:10,6,13.7,43.4%,1.6,4.8,34.1%,3.3,4,81.2%,0.7,2.6,3.3,3.4,2.3,1,0.1,2.8,16.8
尼科拉-武切维奇,奥兰多魔术,56,28:35,6.2,13.2,47.3%,0.3,0.9,28.8%,1.4,2.2,63.1%,2.2,7.8,10,2.8,1.7,0.9,1,2.4,14.1
阿隆-戈登,奥兰多魔术,57,27:40,4.3,10,42.8%,1,3.4,28.9%,1.6,2.4,64.7%,1.4,3.3,4.7,1.9,1.1,0.7,0.5,2.1,11.1
CJ-沃特森,奥兰多魔术,46,16:49,1.5,3.9,38.9%,0.5,1.6,33.8%,1.1,1.2,86%,0.2,1.3,1.5,1.8,0.8,0.7,0,1.2,4.7
杰夫-格林,奥兰多魔术,57,23:09,3.2,8.2,38.7%,0.8,2.9,27.7%,2.2,2.6,85.8%,0.6,2.5,3.1,1.2,1.1,0.5,0.2,1.4,9.4
DJ-奥古斯汀,奥兰多魔术,58,20:44,2.7,6.9,38.9%,1.4,3.7,36.4%,1.7,2.1,78.2%,0.2,1.3,1.5,3,1.2,0.4,0,1.4,8.4
马里奥-海佐尼亚,奥兰多魔术,42,11:43,1.6,4.3,36.9%,0.6,1.9,33.3%,0.3,0.4,76.5%,0.2,1.4,1.7,0.8,0.9,0.4,0.2,1,4.1
俾斯麦-比永博,奥兰多魔术,58,23:09,2.3,4.2,53.5%,0,0,0%,1.5,3,50%,2,5.3,7.2,1,1.2,0.3,1.3,2.4,6
罗伯特-考文顿,费城76人,50,31:07,4,10.4,38.3%,2,6,32.7%,1.8,2.3,79.1%,1.4,4.7,6.2,1.6,1.9,1.9,0.9,3,11.7
ＴＪ－麦康奈尔,费城76人,55,24:53,2.7,5.9,46.6%,0.1,0.6,21.2%,0.7,0.9,77.6%,0.4,2.6,3,6.1,1.8,1.5,0.1,1.7,6.3
塞尔吉奥-罗德里格兹,费城76人,51,22:41,3.2,8,39.8%,1.4,3.9,37.1%,0.3,0.4,71.4%,0.3,2.1,2.4,5.1,2.1,0.8,0.1,1.4,8.1
达里奥-萨里奇,费城76人,56,24:26,4,10,39.7%,1.3,3.9,32.7%,1.6,2.1,78.4%,1.3,4.6,5.9,1.8,1.9,0.6,0.3,1.7,10.8
杰拉德-亨德森,费城76人,51,24:02,3.5,7.8,45.1%,0.8,2.2,36.9%,1.9,2.2,85.1%,0.4,2.1,2.5,1.7,0.9,0.6,0.2,1.7,9.7
贾斯汀-安德森,费城76人,51,13:54,2.2,5.4,40.2%,0.7,2.4,30.3%,1.4,1.7,79.5%,0.8,2.2,2.9,0.6,0.8,0.5,0.3,1.3,6.5
尼克-斯陶斯卡斯,费城76人,54,27:01,3,7.4,40.5%,1.6,4.2,37.6%,1.4,1.8,81.1%,0.3,2.5,2.8,2.2,1.5,0.5,0.4,1.9,9
蒂莫西-鲁瓦乌,费城76人,43,11:28,1.2,3.1,39.4%,0.3,1,31.1%,1,1.3,76.4%,0.2,1.2,1.4,0.8,0.8,0.2,0.1,1.6,3.7
埃里克-布莱索,菲尼克斯太阳,56,33:14,7,15.9,44.2%,1.6,4.7,33.2%,6,7,85%,0.9,4.1,4.9,6.2,3.3,1.4,0.4,2.6,21.6
TJ-沃伦,菲尼克斯太阳,44,29:02,5.3,11.7,45.7%,0.4,1.7,24.7%,1.7,2.2,78.4%,1.6,2.2,3.9,1,0.8,1.2,0.4,2.7,12.8
德文-布克,菲尼克斯太阳,56,34:30,7.5,17.7,42.5%,1.9,5.1,36.7%,4.2,5.1,82.7%,0.6,2.2,2.8,3.2,2.9,0.9,0.3,3.2,21.1
马奎斯-克里斯,菲尼克斯太阳,57,18:46,2.9,6.9,42%,0.7,2.4,29.7%,1.1,1.8,63.1%,1.1,2.4,3.5,0.6,1.1,0.8,0.6,3.1,7.6
泰森-钱德勒,菲尼克斯太阳,47,27:36,3.3,4.9,67.1%,0,0,0%,1.9,2.6,73.4%,3.3,8.2,11.4,0.6,1.4,0.7,0.5,2.7,8.4
贾里德-杜德利,菲尼克斯太阳,40,20:41,2.5,5.2,48.6%,1.3,3,43.2%,0.6,1,63.4%,0.5,2.8,3.3,1.6,1.1,0.6,0.2,2.4,7
泰勒-尤利斯,菲尼克斯太阳,36,09:00,1.3,3.3,39.2%,0.2,0.5,33.3%,0.4,0.4,81.3%,0.2,0.4,0.7,1.3,0.7,0.6,0,0.8,3.1
布兰登-奈特,菲尼克斯太阳,54,21:04,3.9,9.7,39.8%,0.8,2.6,32.4%,2.4,2.9,85.7%,0.5,1.7,2.2,2.4,1.6,0.5,0.1,1.6,11
莱昂德罗-巴博萨,菲尼克斯太阳,53,13:09,2.4,5.3,44.6%,0.5,1.2,42.2%,0.4,0.5,84%,0.2,1.2,1.4,1.2,0.5,0.4,0.1,1.1,5.6
艾利克斯-伦,菲尼克斯太阳,54,19:39,2.9,5.7,50%,0,0.1,25%,1.8,2.5,73.1%,1.9,4.5,6.4,0.6,1.3,0.4,1.3,3.1,7.5
德拉甘-本德尔,菲尼克斯太阳,38,12:40,1.2,3.3,37.1%,0.7,2.1,32.1%,0.1,0.2,37.5%,0.4,1.7,2.2,0.4,0.7,0.2,0.5,1.6,3.2
莫里斯-哈克利斯,波特兰开拓者,53,29:06,4.3,8.9,47.9%,1.1,3,35%,1,1.4,67.1%,1.6,3.1,4.7,1,1.2,1.2,0.9,2.7,10.6
CJ-麦科勒姆,波特兰开拓者,57,34:35,8.8,18.1,48.3%,2.4,5.9,41%,3.4,3.8,89.9%,0.8,2.8,3.6,3.6,2.4,1.1,0.6,2.8,23.4
埃文-特纳,波特兰开拓者,50,26:13,3.9,8.9,43.5%,0.6,2,28.3%,1.4,1.6,85.4%,0.5,3.3,3.8,3.4,1.6,0.8,0.3,1.8,9.7
达米安-利拉德,波特兰开拓者,52,35:51,8.4,19.4,43.5%,2.6,7.3,35%,6.4,7.1,90%,0.7,4.2,4.9,5.7,2.6,0.7,0.3,2.3,25.8
优素福-努尔基奇,波特兰开拓者,47,18:21,3.4,6.7,51.4%,0,0,0%,1.3,2.5,50.4%,2,3.9,6,1.4,1.9,0.7,0.8,2,8.1
阿伦-克拉布,波特兰开拓者,57,28:24,3.7,8,46%,1.5,3.5,43%,1.5,1.7,86.5%,0.2,2.5,2.7,1.2,0.9,0.6,0.2,2.2,10.3
诺阿-冯莱,波特兰开拓者,49,13:15,1.3,3.1,41.8%,0.1,0.4,35%,0.5,0.9,55.6%,1.4,2.8,4.2,0.2,0.8,0.3,0.3,1.7,3.3
艾德-戴维斯,波特兰开拓者,46,17:09,1.6,3.1,52.8%,0,0,0%,1.1,1.8,61.7%,2.1,3.2,5.3,0.6,0.8,0.3,0.5,3,4.3
梅耶斯-莱纳德,波特兰开拓者,49,16:13,2,5.3,36.6%,1,3.1,33.8%,0.6,0.6,90%,0.4,2.8,3.2,0.9,0.5,0.1,0.4,2.3,5.5
加瑞特-坦普尔,萨克拉门托国王,49,26:33,2.7,6.3,43.6%,1.2,3.2,36.7%,1,1.3,79%,0.6,2.1,2.7,2.2,1,1.2,0.4,2.2,7.7
泰-劳森,萨克拉门托国王,52,24:42,3.2,7.4,43.5%,0.5,1.8,28.7%,2,2.5,80.9%,0.7,2,2.7,4.5,1.8,1.1,0.1,1.5,9
达伦-科里森,萨克拉门托国王,50,30:57,5.2,10.8,47.9%,1.3,3,42.6%,2.1,2.4,86%,0.4,1.8,2.1,4.3,1.7,1.1,0.1,1.9,13.7
朗斯通-加洛维 ,萨克拉门托国王,55,20:21,3,8,37.4%,1.8,4.9,37.7%,0.7,0.9,76.9%,0.4,1.8,2.2,1.2,0.5,0.7,0.1,1.4,8.6
马特-巴恩斯,萨克拉门托国王,54,25:18,2.7,7.1,38.4%,1.3,3.9,32.7%,0.9,1.2,75.8%,1,4.4,5.4,2.8,1.5,0.7,0.3,2.6,7.6
安东尼-托利弗,萨克拉门托国王,46,23:20,2.4,5.4,44.4%,1.4,3.6,39%,0.9,1.2,79.2%,1,2.9,3.9,1,0.8,0.6,0.2,1.7,7.1
科斯塔-库弗斯,萨克拉门托国王,58,19:10,2.8,4.8,58.2%,0,0,0%,0.5,0.9,54.9%,1.6,3.8,5.4,0.6,0.8,0.6,0.6,2.3,6.1
本-麦克勒摩,萨克拉门托国王,43,18:03,2.5,6,41.4%,1,2.6,37.8%,0.8,1,78.6%,0.3,1.2,1.5,0.8,0.9,0.5,0.1,1.4,6.7
威利-考利-斯坦因,萨克拉门托国王,51,13:24,2.7,4.8,56.7%,0,0,0%,0.8,1.3,60.9%,1,1.9,2.8,0.5,0.6,0.5,0.5,1.8,6.2
阿隆-阿弗拉罗,萨克拉门托国王,49,25:34,2.8,6.5,42.9%,1,2.5,39%,1.2,1.4,88.4%,0.2,1.7,1.9,1.2,0.7,0.4,0.1,1.8,7.8
巴迪-希尔德,萨克拉门托国王,58,20:28,3.3,8.3,39.6%,1.6,4.2,36.9%,0.6,0.6,88.9%,0.3,2.6,3,1.3,0.8,0.3,0.1,1.4,8.7
卡瓦伊-莱纳德,圣安东尼奥马刺,51,33:31,8.6,17.7,48.7%,2,5.1,39.5%,6.6,7.4,89.9%,1.2,4.7,5.9,3.3,2.1,1.8,0.7,1.5,25.9
马努-吉诺比利,圣安东尼奥马刺,49,18:26,2.5,6.5,38.2%,1.3,3.3,40.6%,1.4,1.7,82.1%,0.4,1.9,2.3,2.5,1.3,1.1,0.3,1.7,7.7
丹尼-格林,圣安东尼奥马刺,48,26:41,2.8,6.6,41.9%,1.9,4.7,40.5%,0.3,0.4,83.3%,0.4,2.9,3.3,1.8,1.1,1,0.8,1.8,7.7
帕蒂-米尔斯,圣安东尼奥马刺,55,21:17,3.5,7.8,45.2%,1.8,4.1,43.4%,0.9,1,85.7%,0.3,1.5,1.8,3.3,1.3,0.8,0,1.4,9.7
乔纳森-西蒙斯,圣安东尼奥马刺,52,18:07,2.3,5.3,43.5%,0.4,1.2,30.2%,1.4,1.8,75%,0.3,2.1,2.3,1.6,1,0.7,0.4,1.9,6.4
凯尔-安德森,圣安东尼奥马刺,51,13:09,1,2.4,42.7%,0.2,0.5,37.5%,0.7,0.9,79.5%,0.4,2.2,2.6,1.1,0.5,0.6,0.4,0.7,2.9
拉马库斯-阿尔德里奇,圣安东尼奥马刺,51,32:20,6.8,14.3,47.9%,0.3,0.7,42.1%,3.5,4.4,81.5%,2.3,5,7.3,2.1,1.5,0.6,1.1,2.4,17.5
德维恩-戴德蒙,圣安东尼奥马刺,50,17:17,2.2,3.6,62.4%,0,0,0%,0.9,1.3,70.8%,1.6,4.9,6.5,0.6,0.7,0.6,0.8,2.4,5.4
托尼-帕克,圣安东尼奥马刺,43,26:04,4.4,9.4,47.2%,0.4,1,35.6%,1.4,1.8,77.6%,0.2,1.7,1.9,4.8,1.3,0.5,0,1.6,10.6
大卫-李,圣安东尼奥马刺,55,18:36,3.2,5.3,59.7%,0,0,0%,1.1,1.5,70.2%,1.8,3.8,5.6,1.6,1,0.4,0.4,1.6,7.4
戴维斯-伯坦斯,圣安东尼奥马刺,48,11:34,1.4,3.2,43.9%,0.9,2.4,38.9%,0.5,0.6,80%,0.3,1.1,1.4,0.7,0.4,0.3,0.4,1.1,4.2
拉塞尔-维斯布鲁克,俄克拉荷马雷霆,57,34:38,10.1,23.9,42.2%,2.2,6.4,33.8%,8.7,10.5,82.8%,1.8,8.7,10.5,10.1,5.5,1.6,0.4,2.4,31.1
维克托-奥拉迪波,俄克拉荷马雷霆,48,33:40,6.2,14,44.6%,1.9,5.4,35.4%,1.7,2.3,74.1%,0.6,3.8,4.4,2.5,1.6,1.2,0.3,2.3,16.1
安德烈-罗伯森,俄克拉荷马雷霆,57,30:36,2.7,6.1,43.6%,0.6,2.6,24%,0.6,1.5,43%,1.2,4,5.1,1,0.7,1.2,1,2.4,6.6
斯蒂芬-亚当斯,俄克拉荷马雷霆,55,30:49,5,8.7,57.4%,0,0,0%,2.2,3.2,67.4%,3.5,4.4,7.9,1.1,2,1.1,1.1,2.4,12.2
多曼塔斯-萨博尼斯,俄克拉荷马雷霆,57,21:39,2.5,6.2,40.3%,0.7,2.2,31.5%,0.4,0.6,69.7%,0.6,3.2,3.8,1.1,1.1,0.5,0.4,2.5,6.1
泰-吉普森,俄克拉荷马雷霆,55,27:18,5,9.6,52.1%,0,0.2,16.7%,1.5,2.2,71.4%,2.2,4.8,7,1.1,1.4,0.5,0.9,2.2,11.6
阿列克斯-阿布尼斯,俄克拉荷马雷霆,46,13:59,1.7,4.4,39.3%,1.2,3.1,37.5%,0.8,0.9,87.8%,0.3,0.8,1.1,0.5,0.5,0.5,0.1,1.5,5.4
杰拉米-格兰特,俄克拉荷马雷霆,56,21:14,2.1,4.6,46.1%,0.6,1.5,38.1%,1.3,2.1,61.3%,0.5,2.3,2.8,0.6,0.6,0.4,1.2,2,6.1
恩尼斯-坎特,俄克拉荷马雷霆,47,21:35,5.6,10,56.3%,0.1,0.7,16.1%,3,3.8,78.9%,2.6,4.1,6.7,1,1.6,0.4,0.7,2.2,14.4
道格-麦克德莫特,俄克拉荷马雷霆,44,24:29,3.8,8.5,44.5%,1.3,3.4,37.3%,1.3,1.5,88.1%,0.3,2.6,3,1,0.7,0.2,0.1,1.3,10.2
乔-英格尔斯,犹他爵士,57,21:58,2.3,4.9,47.1%,1.3,3,43.9%,0.7,0.8,80.9%,0.2,2.6,2.8,2.3,1.1,1.2,0.1,1.9,6.6
戈登-海沃德,犹他爵士,50,34:38,7.2,15.6,46.5%,2,5.1,38.5%,5.8,6.6,87%,0.6,5,5.6,3.5,1.9,1,0.3,1.6,22.2
谢尔文-马克,犹他爵士,46,21:22,3,6.7,44%,0.7,2.1,31.6%,0.8,1.2,66%,0.3,1.8,2.1,2.8,1.8,0.8,0,1.7,7.3
鲁迪-戈贝尔,犹他爵士,57,33:30,4.5,7.1,64%,0,0,0%,3.9,5.9,66.2%,3.9,8.8,12.6,1,1.8,0.7,2.5,3,12.9
特雷-莱尔斯,犹他爵士,57,18:18,2.6,7,37.8%,1.1,3.3,32.3%,0.9,1.2,71.8%,0.8,2.9,3.7,1.1,1,0.4,0.3,1.4,7.3
乔-约翰逊,犹他爵士,56,22:29,3.3,7.4,44.1%,1.2,3,41.2%,0.7,0.9,80.4%,0.4,2.6,3,1.7,0.9,0.3,0.2,1.1,8.5
丹特-艾克萨姆,犹他爵士,42,18:33,2.4,5.5,43.3%,0.6,2.3,27.1%,0.7,0.9,83.8%,0.4,1.5,1.8,1.6,1.1,0.3,0.2,2.3,6.2
鲍里斯-迪奥,犹他爵士,48,18:09,2,4.5,45.1%,0.3,1.2,26.3%,0.4,0.5,79.2%,0.5,1.5,2,2.2,1.3,0.3,0,1.2,4.8
约翰-沃尔,华盛顿奇才,53,36:35,8.3,18.4,45.2%,1.1,3.4,31.3%,5.1,6.3,81.2%,0.8,3.6,4.4,10.6,4.2,2.1,0.6,2,22.8
奥托-波特,华盛顿奇才,55,33:51,5.6,10.5,53.4%,2.1,4.6,46.6%,1.3,1.6,79.5%,1.3,5.4,6.7,1.6,0.7,1.5,0.6,2.5,14.6
马基夫-莫里斯,华盛顿奇才,53,32:04,5.6,12.3,45.5%,1,2.8,36.7%,2.7,3.3,81.6%,1.5,5.3,6.8,1.8,1.9,1.2,0.6,3.3,14.9
布拉德利-比尔,华盛顿奇才,51,34:26,7.9,16.6,47.3%,2.9,7.2,40.2%,3.6,4.5,81.1%,0.6,2.3,2.9,3.7,2,1,0.2,2.2,22.2
凯利-乌布雷,华盛顿奇才,53,20:39,2.3,5.5,41.6%,0.8,2.5,29.6%,0.9,1.2,75%,0.7,2.6,3.4,0.6,0.6,0.8,0.2,2.5,6.2
马辛-戈塔特,华盛顿奇才,55,34:30,5.3,8.9,59.6%,0,0,0%,1.4,2,68.2%,3.2,8.2,11.4,1.6,1.5,0.6,1,3,11.9
托马斯-萨特拉斯基,华盛顿奇才,39,14:10,1.2,2.8,42.2%,0.2,0.7,22.2%,0.5,0.7,76.9%,0.5,1.2,1.7,1.9,0.8,0.5,0.1,1.2,3
博扬-波格丹诺维奇,华盛顿奇才,55,26:57,4.9,11.1,44%,1.8,5,35.7%,2.7,3,87.4%,0.4,3.2,3.6,1.6,1.7,0.4,0.1,1.8,14.2
贾森-史密斯,华盛顿奇才,53,13:23,2.2,4,54%,0.2,0.4,47.6%,0.5,0.7,66.7%,1,2.3,3.3,0.3,0.8,0.3,0.7,2.3,5
特里-伯克,华盛顿奇才,51,12:36,2.1,4.6,44.9%,0.5,1.2,41.7%,0.4,0.5,72%,0.1,0.7,0.9,1.8,0.8,0.2,0.1,1,5
PJ-塔克,多伦多猛龙,57,28:32,2.6,6.2,41.5%,0.8,2.4,33.8%,1.1,1.4,79.2%,1.6,4.4,6,1.3,0.9,1.5,0.2,2.5,7
凯尔-洛里,多伦多猛龙,56,37:42,7.2,15.5,46.3%,3.3,7.9,41.7%,5.1,6.1,82.6%,0.8,3.9,4.7,6.9,2.8,1.4,0.3,2.9,22.8
德马雷-卡罗尔,多伦多猛龙,52,27:16,3.4,8.2,41.2%,1.7,4.7,35.2%,1.3,1.7,77%,0.9,3.1,4,1,0.8,1.2,0.4,2,9.7
德玛尔-德罗赞,多伦多猛龙,50,35:30,9.8,21.2,46.4%,0.4,1.5,25.3%,7.3,8.6,84.5%,1,4.3,5.3,3.7,2.3,1.1,0.2,1.9,27.3
卢卡斯-诺盖拉,多伦多猛龙,48,21:36,2.1,3.1,68.2%,0.1,0.2,33.3%,0.9,1.4,65.7%,1.7,3.2,4.9,0.8,0.9,1,1.8,2.8,5.3
诺曼-鲍威尔,多伦多猛龙,53,17:20,2.7,6,45.4%,0.7,2,34.3%,1.3,1.7,77.3%,0.3,1.7,2,1,0.8,0.8,0.2,1.6,7.4
科里-约瑟夫,多伦多猛龙,55,22:35,3.4,7.6,44.3%,0.5,1.3,39.4%,1.3,1.7,79.1%,0.5,2.1,2.6,2.7,1,0.7,0.1,1.7,8.5
塞尔吉-伊巴卡,多伦多猛龙,56,30:32,6.1,12.6,48.8%,1.5,3.8,38.8%,1.4,1.6,84.6%,1.8,5,6.8,1.1,1.2,0.6,1.6,2.5,15.1
帕斯卡尔-西亚卡姆,多伦多猛龙,48,16:47,2,3.9,50.3%,0,0.1,0%,0.5,0.7,68.8%,1.2,2.2,3.5,0.3,0.6,0.5,0.9,2.1,4.4
尤纳斯-瓦兰斯尤纳斯,多伦多猛龙,55,26:55,5,9.3,53.8%,0,0,0%,2.4,2.8,85.2%,2.9,6.9,9.8,0.7,1.4,0.5,0.7,2.8,12.4
托尼-阿伦,孟菲斯灰熊,49,27:52,3.9,8.6,45.6%,0.1,0.6,22.6%,1.3,2.1,62.9%,2.3,3.3,5.6,1.2,1.5,1.8,0.5,2.6,9.3
迈克-康利,孟菲斯灰熊,46,32:39,6.3,14.3,44.1%,2.4,5.8,41%,4.3,5,86.1%,0.5,3,3.5,6.2,2.3,1.3,0.3,1.7,19.3
马克-加索尔,孟菲斯灰熊,55,34:23,7.5,16.1,46.6%,1.4,3.6,38.5%,4.2,5,84.6%,0.8,5.4,6.3,4.3,2.2,1,1.4,2.4,20.6
安德鲁-哈里森,孟菲斯灰熊,53,21:55,1.7,5.3,31.6%,0.6,2.3,26%,2.2,2.9,76.6%,0.4,1.6,1.9,3,1.2,0.8,0.4,3,6.2
文斯-卡特,孟菲斯灰熊,50,24:02,2.7,6.9,38.7%,1.5,4.1,36.5%,1.2,1.7,72.1%,0.5,2.7,3.2,1.8,0.6,0.8,0.5,2.3,8
詹姆斯-恩尼斯,孟菲斯灰熊,44,25:24,2.6,5.5,47.5%,1,2.4,41.3%,1.5,1.9,78.6%,1.3,2.9,4.2,1,1.1,0.8,0.3,2.9,7.7
杰迈克尔-格林,孟菲斯灰熊,56,28:32,3.2,6.7,48.5%,0.7,1.9,36.8%,1.8,2.3,79.8%,2.2,5.1,7.3,1.2,1.3,0.7,0.5,3.5,9
扎克-兰多夫,孟菲斯灰熊,50,24:18,6,13.1,45.5%,0.3,1.3,25%,1.9,2.5,75.8%,2.5,5.8,8.3,1.7,1.3,0.5,0.1,2.1,14.1
贾雷尔-马丁,孟菲斯灰熊,40,13:26,1.4,3.6,37.5%,0.2,0.6,34.6%,1,1.2,79.2%,0.9,3,3.9,0.2,0.7,0.4,0.2,2.2,3.9
特洛伊-丹尼尔斯,孟菲斯灰熊,43,17:15,2.9,7.4,38.8%,2,5.2,39.2%,0.8,1,81.8%,0.3,1,1.3,0.7,0.6,0.3,0.1,1.4,8.6
肯巴-沃克,夏洛特黄蜂,56,34:23,8,17.8,44.9%,2.7,6.8,39.7%,3.9,4.7,84%,0.6,3.5,4.1,5.5,2.2,1.2,0.3,1.6,22.7
尼古拉斯-巴图姆,夏洛特黄蜂,54,34:42,5,12.3,40.5%,1.8,5,35.4%,3.3,3.8,85%,0.7,6.3,7,6,2.7,1.1,0.4,1.6,15
迈克尔-基德-吉尔克里斯特,夏洛特黄蜂,56,29:51,3.6,7.8,45.9%,0,0.1,12.5%,1.9,2.5,76.8%,2,5.6,7.6,1.4,0.8,0.9,1,2.3,9.1
科迪-泽勒,夏洛特黄蜂,39,26:46,4.2,7.2,58.7%,0,0,0%,2.4,3.4,69.2%,2.3,4.2,6.5,1.4,1.3,0.8,1.1,3.2,10.8
弗兰克-卡明斯基,夏洛特黄蜂,55,25:16,4.1,10.3,39.2%,1.4,4.4,31%,1.4,1.9,74.5%,0.8,3.7,4.5,2.1,1,0.8,0.5,1.7,10.9
马文-威廉姆斯,夏洛特黄蜂,51,28:40,3.9,9.6,40.8%,1.7,4.9,34.3%,1.5,1.7,85.2%,0.9,4.7,5.6,1.2,0.7,0.7,0.6,1.6,11
马科-贝里内利,夏洛特黄蜂,52,24:36,3.7,8.6,43.2%,1.5,4,36.8%,1.8,2,88.5%,0.2,2.4,2.6,1.8,1,0.6,0.2,1.3,10.7
雷蒙-塞申斯,夏洛特黄蜂,50,16:12,2,5.3,38%,0.4,1.2,33.9%,1.8,2.4,77.1%,0.2,1.2,1.5,2.6,0.9,0.5,0.1,0.9,6.2
迈尔斯-普拉姆利,夏洛特黄蜂,37,10:11,1,2.1,48.1%,0,0,0%,0.6,0.9,62.9%,0.8,1.2,2,0.5,0.7,0.3,0.3,1.5,2.6
杰里米-兰姆,夏洛特黄蜂,37,17:07,3.4,7.8,43.9%,0.6,2.4,25%,1.8,2.2,80.7%,0.5,3.9,4.4,1.1,0.6,0.3,0.4,1.6,9.2
[Finished in 5.4s]